<?xml version="1.0" encoding="UTF-8"?>
<!DOCTYPE coverity SYSTEM "coverity_config.dtd">
<coverity>
<!-- THIS FILE IS AUTOMATICALLY GENERATED - YOU MAY ADD XML ENTITIES -->
<!-- TO UPDATE THE COMPILER CONFIGURATION AFTER THE begin_command_line_config ENTITY. -->

    <cit_version>1</cit_version>
    <config>
      <build>
        <compiler>
          <comp_name>clang</comp_name>
          <comp_dir>c:\msys64\clang64\bin</comp_dir>
          <comp_translator>clangcc:llvm</comp_translator>
          <comp_lang>C</comp_lang>
          <comp_front_end>cov-internal-emit-clang</comp_front_end>
          <comp_desc>Clang compiler (C)</comp_desc>
          <comp_next_type>clangcxx:llvm</comp_next_type>
          <comp_generic>clang/llvm</comp_generic>
          <comp_require>-O3</comp_require>
          <id>clangcc:llvm-clang-18.1.4-4bb83538bbd8a6b5a15753b6dcb0a94a-0</id>
          <version>18.1.4</version>
          <is_compiler>true</is_compiler>
          <is_linker>false</is_linker>
        </compiler>
        <options>
          <id>clangcc:llvm-clang-18.1.4-4bb83538bbd8a6b5a15753b6dcb0a94a-0</id>
          <template_config_option_id>clangcc-clang-.*</template_config_option_id>
          <compile_options></compile_options>
          <sysinclude_dir>C:/msys64/clang64/lib/clang/18/include</sysinclude_dir>
          <sysinclude_dir>c:/msys64/clang64/include</sysinclude_dir>
          <dryrun_switch>-E</dryrun_switch>
          <dryrun_switch>-v</dryrun_switch>
          <dump_macros_arg>-dM</dump_macros_arg>
          <dump_macros_arg>-E</dump_macros_arg>
          <preprocess_remove_arg>-o.+</preprocess_remove_arg>
          <preprocess_remove_arg>-c</preprocess_remove_arg>
          <preprocess_remove_next_arg>-o</preprocess_remove_next_arg>
          <preprocess_switch>-E</preprocess_switch>
          <preprocess_output>-</preprocess_output>
          <dependency_output>2</dependency_output>
          <dryrun_output>2</dryrun_output>
          <pre_preinclude_file>$CONFIGDIR$\coverity-compiler-compat.h</pre_preinclude_file>
          <macro_pre_preinclude_file>$CONFIGDIR$\coverity-macro-compat.h</macro_pre_preinclude_file>
          <prepend_arg>--coverity_config_md5=b180267069ca552e1d5d349a3cdaa3bd</prepend_arg>
          <prepend_arg>--no-builtin-include-paths</prepend_arg>
          <prepend_arg>-w</prepend_arg>
          <prepend_arg>--no_predefines</prepend_arg>
          <prepend_arg>--comp_ver</prepend_arg>
          <prepend_arg>18.1.4</prepend_arg>
          <prepend_arg>-target</prepend_arg>
          <prepend_arg>x86_64-w64-windows-gnu</prepend_arg>
          <prepend_arg>-resource-dir</prepend_arg>
          <prepend_arg>C:/msys64/clang64/lib/clang/18</prepend_arg>
          <prepend_arg>--no_predefines</prepend_arg>
          <skip_file>conftest\.c{1,2}$</skip_file>
          <skip_file>conftest\.cpp$</skip_file>
          <skip_file>cgo-gcc-input-[0-9]+\.(c|cc|cpp|cxx)</skip_file>
          <opt_preinclude_file>$CONFIGDIR$/../user_nodefs.h</opt_preinclude_file>
          <pch_options>
            <archetype>clang</archetype>
          </pch_options>
          <expand>
            <options>
              <replace_arg_regex>
                <replace>@(.*)</replace>
                <with>--coverity_resp_file=$1</with>
              </replace_arg_regex>
            </options>
          </expand>
          <pre_trans>
            <options>
              <intern_trans>clang_pre_translate</intern_trans>
            </options>
          </pre_trans>
          <trans>
            <options>
              <pre_prepend_arg>--c</pre_prepend_arg>
              <includes_from_env_var>C_INCLUDE_PATH</includes_from_env_var>
            </options>
          </trans>
          <begin_command_line_config></begin_command_line_config>
        </options>
      </build>
    </config>
    <md5>9a7470c16c642b65f91e04f701e42dac</md5>
</coverity>

