<?xml version="1.0" encoding="UTF-8"?>
<!DOCTYPE coverity SYSTEM "coverity_config.dtd">
<coverity>
<!-- Version 2024.6.1 -->
    <cit_version>1</cit_version>
    <config>
      <include>$CONFIGDIR$\clangcc_llvm-config-0\coverity_config.xml</include>
      <include>$CONFIGDIR$\clangcxx_llvm-config-0\coverity_config.xml</include>
      <include>$CONFIGDIR$\clangcxxcc_llvm-config-0\coverity_config.xml</include>
      <include>$CONFIGDIR$\clangobjc_llvm-config-0\coverity_config.xml</include>
      <include>$CONFIGDIR$\clangobjcxx_llvm-config-0\coverity_config.xml</include>
      <include>$CONFIGDIR$\clangcxx_llvm-config-1\coverity_config.xml</include>
      <include>$CONFIGDIR$\clangcxxcc_llvm-config-1\coverity_config.xml</include>
      <include>$CONFIGDIR$\clangobjc_llvm-config-1\coverity_config.xml</include>
      <include>$CONFIGDIR$\clangobjcxx_llvm-config-1\coverity_config.xml</include>
    </config>
</coverity>

